lam_dim,lam_dim_id,rad,rad_id,pressure_dim,pressure_dim_id,simulation_area,patch_area,delta,delta_id,k0,k0_id,indices
0.01820689655172413,3.0,143.75,10.0,0.00013448275862068965,13.0,2337050.409959532,259672.2677732813,1.0,,320.0,,4003.0
0.15,29.0,298.125,23.0,7.241379310344827e-05,7.0,10051923.302980764,1116880.3669978622,1.0,,320.0,,36367.0
0.1043793103448276,20.0,476.25,38.0,3.1034482758620685e-05,3.0,25652066.129310824,2850229.569923425,1.0,,320.0,,25743.0
0.038482758620689665,7.0,179.375,13.0,6.206896551724137e-05,6.0,3638950.9492997485,404327.8832555276,1.0,,320.0,,9006.0
0.15,29.0,155.625,11.0,0.00028965517241379314,28.0,2739120.273495292,304346.69705503236,1.0,,320.0,,36028.0
